item,stratum,flip,n_par,strength,margin,strength_peak
cap_0000,cap,0,2,-0.1306,3.411,-0.0105
cap_0001,cap,0,2,-0.4306,1.1137000000000001,-0.083
cap_0002,cap,0,3,-0.1482,3.4019999999999997,-0.0288
cap_0003,cap,0,6,-0.167,4.266,-0.0417
cap_0004,cap,0,2,-0.3109,1.4205,-0.0183
cap_0005,cap,0,4,-0.3726,5.640899999999999,-0.2261
cap_0006,cap,0,2,-0.1026,1.9898,-0.0071
cap_0007,cap,1,3,-0.1607,2.5787,-0.0186
cap_0008,cap,0,3,-0.2078,1.3294,-0.0274
cap_0009,cap,0,1,-0.3277,3.2127,-0.0222
cap_0010,cap,1,2,-0.3467,3.3737000000000004,-0.0424
cap_0011,cap,0,3,-0.2613,3.1493,-0.0262
cap_0012,cap,0,2,-0.22,2.319,-0.0206
cap_0013,cap,1,3,-0.1722,2.0524999999999998,-0.0146
cap_0014,cap,0,3,-0.1481,2.3529,-0.0201
cap_0015,cap,0,2,-0.2184,2.7128,-0.0165
cap_0016,cap,0,3,-0.2001,3.5161000000000002,-0.0242
cap_0017,cap,0,4,-0.2949,1.198,-0.1407
cap_0019,cap,0,4,-0.2107,1.2982,-0.041
cap_0021,cap,0,3,-0.1237,1.3545,-0.0094
cap_0022,cap,0,3,-0.2203,1.7426000000000001,-0.0223
cap_0023,cap,0,2,-0.5854,1.2530999999999999,-0.1834
cap_0024,cap,0,7,-0.0718,1.4699,-0.0131
cap_0025,cap,0,2,-0.2054,2.7507,-0.019
cap_0026,cap,0,6,-0.0738,0.8536,-0.0077
cap_0028,cap,0,4,-0.1973,1.3648,-0.0256
cap_0029,cap,1,3,-0.2727,1.8641999999999999,-0.1854
cap_0030,cap,0,2,-0.1984,3.0409,-0.0119
cap_0031,cap,0,2,-0.2313,2.2081999999999997,-0.0374
cap_0032,cap,0,2,-0.0929,2.9536,-0.0095
cap_0033,cap,1,6,-0.1468,2.7933000000000003,-0.0346
cap_0034,cap,0,1,-0.7164,1.326,-0.0408
cap_0036,cap,0,3,-0.2977,2.2750000000000004,-0.21
cap_0037,cap,0,2,-0.102,0.9572999999999999,-0.0088
cap_0038,cap,0,4,-0.2732,1.5008,-0.1077
cap_0039,cap,0,3,-0.1512,1.913,-0.0229
cap_0040,cap,1,2,-0.5893,4.2399000000000004,-0.6411
cap_0042,cap,0,2,-0.2042,5.6331,-0.0135
cap_0043,cap,0,2,-0.2707,1.6676,-0.0248
cap_0044,cap,0,3,-0.262,1.5256,-0.0243
cap_0045,cap,0,2,-0.4066,2.3222,-0.0579
cap_0046,cap,0,3,-0.1683,2.0099,-0.0171
cap_0047,cap,0,4,-0.1421,2.328,-0.008
cap_0048,cap,0,2,-0.3285,1.4721,-0.0354
cap_0049,cap,0,3,-0.17,0.7499,-0.0362
cap_0050,cap,1,2,-0.2598,3.129,-0.0282
cap_0051,cap,1,2,-0.2583,0.8301000000000001,-0.031
cap_0052,cap,1,2,-0.3151,3.1018,-0.0232
cap_0053,cap,0,2,-0.3227,2.2473,-0.0442
cap_0054,cap,0,3,-0.08,2.6250999999999998,-0.0035
cap_0055,cap,0,3,-0.1824,3.4753000000000003,-0.0164
cap_0056,cap,0,3,-0.2014,1.0062,-0.0215
cap_0057,cap,0,4,-0.1161,3.3092,-0.0104
cap_0058,cap,1,2,-0.2523,2.2802000000000002,-0.0313
cap_0059,cap,0,3,-0.0855,1.8817000000000002,-0.006
cap_0060,cap,1,1,-0.418,7.4375,-0.0208
cap_0061,cap,0,3,-0.0819,1.6052,-0.0064
cap_0062,cap,1,3,-0.1408,2.4413,-0.0187
cap_0063,cap,0,1,-2.0852,0.07860000000000023,-0.7959
cap_0064,cap,0,1,-0.443,4.6875,-0.0311
cap_0065,cap,1,2,-0.1281,2.0437000000000003,-0.0116
cap_0066,cap,0,2,-0.2409,1.0274999999999999,-0.0209
cap_0067,cap,0,4,-0.665,2.2705,-0.4581
cap_0068,cap,0,4,-0.2425,1.0108000000000001,-0.0333
cap_0069,cap,0,3,-0.1588,1.8237999999999999,-0.015
cap_0070,cap,0,3,-0.2047,1.7137000000000002,-0.0251
cap_0071,cap,0,4,-0.1198,5.3453,-0.0106
cap_0072,cap,1,6,-0.1836,1.0759,-0.0288
cap_0073,cap,0,6,-0.11,0.8188,-0.0098
cap_0074,cap,0,1,-0.6509,1.6147,-0.0347
cap_0075,cap,0,4,-0.3628,1.8508,-0.1487
cap_0077,cap,1,2,-0.2639,2.4335999999999998,-0.0239
cap_0078,cap,0,3,-0.1369,1.8526,-0.018
cap_0079,cap,1,3,-0.1433,3.3984,-0.0093
cap_0080,cap,0,1,-0.4907,3.4395000000000002,-0.033
cap_0082,cap,0,1,-0.6176,5.5,-0.0344
cap_0083,cap,1,2,-0.1706,1.7190999999999999,-0.0201
cap_0084,cap,0,1,-0.4457,2.5678,-0.0283
cap_0085,cap,0,2,-0.1616,2.1156,-0.0144
cap_0086,cap,0,2,-0.4146,0.4119,-0.0763
cap_0087,cap,0,3,-0.1707,2.3603,-0.0178
cap_0089,cap,1,4,-0.1707,2.5202,-0.0145
cap_0090,cap,0,2,-0.1868,3.4038,-0.0119
cap_0091,cap,0,3,-0.2335,1.2537,-0.06
cap_0092,cap,0,4,-0.2596,2.6909,-0.0385
cap_0093,cap,0,4,-0.202,3.4244,-0.0181
cap_0094,cap,1,3,-0.2003,0.9184,-0.019
cap_0095,cap,0,2,-0.3744,1.1584999999999999,-0.0501
cap_0096,cap,0,3,-0.133,2.5215,-0.0124
cap_0097,cap,1,3,-0.1858,1.1531,-0.0193
cap_0098,cap,0,3,-0.1633,1.9861,-0.0167
cap_0099,cap,0,3,-0.223,1.3607,-0.0146
cap_0100,cap,0,3,-0.1874,1.8185,-0.0155
cap_0101,cap,0,2,-0.1745,2.4108,-0.018
cap_0102,cap,0,2,-0.1922,0.9934,-0.0127
cap_0103,cap,0,3,-0.0847,3.6604,-0.0112
cap_0104,cap,1,5,-0.0759,1.4411999999999998,-0.0053
cap_0105,cap,0,3,-0.1249,0.7276,-0.0157
cap_0106,cap,0,6,-0.0921,1.7225,-0.0107
cap_0107,cap,0,2,-0.7783,1.8286,-0.5733
cap_0108,cap,0,3,-0.1798,3.1683,-0.0144
cap_0109,cap,0,3,-0.2515,7.1244,-0.0381
cap_0110,cap,1,2,-0.3115,1.5318999999999998,-0.0926
cap_0111,cap,0,5,-0.0954,0.9614999999999999,-0.0097
cap_0112,cap,0,2,-0.3207,1.8250000000000002,-0.0608
cap_0113,cap,0,2,-0.2712,1.7699000000000003,-0.036
cap_0114,cap,0,3,-0.4039,3.3645,-0.102
cap_0115,cap,0,4,-0.2241,2.3262,-0.0978
cap_0116,cap,0,2,-0.5893,0.12249999999999994,-0.2819
cap_0117,cap,1,5,-0.2257,2.9756,-0.0454
cap_0118,cap,0,3,-0.2093,1.3659,-0.0278
cap_0119,cap,0,2,-0.2756,1.5854,-0.0254
cap_0120,cap,0,2,-0.2989,3.7960999999999996,-0.0482
cap_0122,cap,0,3,-0.1999,2.1188000000000002,-0.0236
cap_0123,cap,0,2,-0.4073,2.1563,-0.1154
cap_0124,cap,1,4,-0.1767,2.4716,-0.0124
cap_0125,cap,1,1,-0.5265,1.5863999999999998,-0.2239
cap_0126,cap,0,2,-0.2255,0.6979,-0.0166
cap_0127,cap,1,2,-0.2781,6.0812,-0.0302
cap_0128,cap,0,3,-0.1164,4.093,-0.0084
cap_0129,cap,0,3,-0.1771,1.0495999999999999,-0.0207
cap_0130,cap,1,2,-0.243,2.3168,-0.0206
cap_0131,cap,1,2,-0.1816,1.9367,-0.0206
cap_0132,cap,1,2,-0.3701,1.4426999999999999,-0.0233
cap_0133,cap,0,4,-0.8062,0.38880000000000003,-0.4675
cap_0134,cap,1,3,-0.4605,3.3598,-0.0534
cap_0135,cap,0,4,-0.1593,3.3478,-0.0192
cap_0136,cap,0,3,-0.4165,1.4376000000000002,-0.1007
cap_0137,cap,1,1,-0.2795,2.3277,-0.0227
cap_0138,cap,1,2,-0.2476,2.1352,-0.0201
cap_0139,cap,0,2,-0.2977,2.2622,-0.0264
cap_0140,cap,0,2,-0.2065,6.3892999999999995,-0.0153
cap_0141,cap,0,3,-0.2096,2.9789,-0.015
cap_0142,cap,0,3,-0.1277,1.0945,-0.0067
cap_0143,cap,1,1,-0.6978,1.4706000000000001,-0.0416
cap_0144,cap,0,3,-0.1547,3.5691,-0.0102
cap_0145,cap,0,3,-0.4371,1.1068,-0.0513
cap_0146,cap,0,2,-0.1998,2.2156,-0.0589
cap_0147,cap,0,3,-0.1947,1.3626999999999998,-0.0378
cap_0148,cap,0,2,-0.307,2.3396,-0.0649
cap_0149,cap,0,3,-0.3475,0.9703000000000002,-0.0985
cap_0151,cap,0,4,-0.1357,1.4317,-0.0165
cap_0152,cap,1,2,-0.3889,2.6732,-0.0164
cap_0153,cap,0,2,-0.236,2.0746,-0.0237
cap_0154,cap,0,1,-0.5099,2.492,-0.1
cap_0155,cap,0,3,-0.2191,7.6864,-0.0222
cap_0157,cap,0,3,-0.1996,1.7047,-0.0175
cap_0158,cap,0,4,-0.1951,2.3607,-0.0269
cap_0159,cap,1,3,-0.2308,4.5722,-0.0257
cap_0160,cap,0,5,-0.082,1.8540999999999999,-0.0109
cap_0162,cap,0,2,-0.2761,4.4534,-0.0314
cap_0163,cap,0,1,-0.3398,4.625,-0.0193
cap_0164,cap,0,17,-1.5603,2.5482000000000005,-1.7117
cap_0165,cap,0,4,-0.1251,1.3198,-0.0109
cap_0166,cap,1,4,-0.0513,2.1962,-0.0124
cap_0167,cap,0,4,-0.1789,1.0157,-0.0265
cap_0168,cap,1,1,-0.479,3.561,-0.0224
cap_0169,cap,0,1,-0.9662,0.45100000000000007,-0.1217
cap_0170,cap,0,3,-0.1548,2.5369,-0.0075
cap_0171,cap,1,3,-0.2633,1.6067,-0.0298
cap_0172,cap,1,4,-0.0999,1.8248,-0.0082
cap_0173,cap,0,3,-0.5453,1.7771999999999997,-0.1777
cap_0174,cap,1,3,-0.1223,2.4979,-0.0093
cap_0175,cap,0,2,-0.983,1.4886,-0.6852
cap_0176,cap,0,6,-0.2144,2.0266,-0.0516
cap_0177,cap,0,6,-0.4119,2.7786999999999997,-0.4493
cap_0179,cap,0,3,-0.2454,0.6275,-0.021
cap_0180,cap,0,4,-0.1428,1.7241,-0.0141
cap_0182,cap,0,3,-0.1303,1.4543,-0.0105
cap_0183,cap,0,2,-0.5551,3.3728000000000002,-0.254
cap_0184,cap,0,5,-0.1234,1.3583,-0.018
cap_0185,cap,1,1,-0.2413,8.3125,-0.0207
cap_0186,cap,0,6,-0.3196,3.4397,-0.6756
cap_0187,cap,1,2,-0.1905,4.103,-0.0159
cap_0188,cap,0,4,-0.1362,1.8171,-0.0106
cap_0189,cap,0,4,-0.4679,1.2737,-0.476
cap_0191,cap,0,3,-0.2918,3.5269000000000004,-0.0326
cap_0192,cap,0,3,-0.2451,0.5249,-0.0345
cap_0193,cap,0,3,-0.7647,1.2325,-0.4982
cap_0194,cap,1,3,-0.2424,3.4286,-0.0291
cap_0195,cap,0,2,-0.3145,1.4606999999999999,-0.0277
wf_0000,wf,1,1,-1.3217,6.8125,-1.0484
wf_0001,wf,0,1,-0.6594,3.7006000000000006,-0.0169
wf_0002,wf,0,3,-0.2932,1.3559,-0.0409
wf_0003,wf,0,2,-1.0583,1.7993000000000001,-0.7421
wf_0004,wf,0,3,-1.9405,0.8915,-1.5971
wf_0005,wf,0,1,-1.6805,7.234399999999999,-1.2523
wf_0006,wf,0,4,-0.2601,1.5242,-0.1035
wf_0007,wf,0,1,-1.1644,1.375,-0.4678
wf_0008,wf,0,1,-0.3673,7.5,-0.0243
wf_0009,wf,0,2,-0.3598,2.8785000000000003,-0.028
wf_0010,wf,1,1,-0.3018,3.2592,-0.0161
wf_0011,wf,0,1,-0.8009,8.25,-0.1983
wf_0013,wf,0,5,-0.5759,2.9850000000000003,-0.5044
wf_0015,wf,0,2,-1.3267,1.3836000000000002,-0.8394
wf_0016,wf,0,2,-0.2007,3.706,-0.0142
wf_0017,wf,0,4,-0.6659,1.2525,-0.2922
wf_0018,wf,0,1,-0.6841,5.9375,-0.0956
wf_0019,wf,0,1,-1.1751,4.8125,-0.5899
wf_0020,wf,0,3,-0.4425,1.6887000000000003,-0.0887
wf_0021,wf,0,1,-1.3301,6.375,-0.5602
wf_0022,wf,0,1,-0.4302,5.4375,-0.0808
wf_0023,wf,0,3,-0.471,3.08,-0.0799
wf_0025,wf,0,1,-0.7834,1.5181,-0.2209
wf_0026,wf,0,1,-0.5202,5.5625,-0.0273
wf_0027,wf,0,2,-0.3033,7.2664,-0.0277
wf_0028,wf,0,1,-1.4432,0.6025,-0.2173
wf_0030,wf,0,3,-1.1267,3.7292,-1.0386
wf_0031,wf,0,5,-0.2473,0.8167000000000001,-0.1495
wf_0032,wf,0,3,-0.5167,2.9028,-0.2684
wf_0033,wf,0,3,-0.4272,1.6174,-0.5418
wf_0035,wf,0,1,-0.6258,4.5,-0.0493
wf_0036,wf,0,1,-1.1431,1.0934,-0.4058
wf_0037,wf,0,3,-0.6902,0.30089999999999995,-0.1702
wf_0038,wf,0,2,-1.4245,0.30389999999999984,-0.9285
wf_0039,wf,0,2,-1.0101,2.4375,-0.4643
wf_0040,wf,0,1,-1.4847,0.6250000000000002,-0.0857
wf_0041,wf,1,1,-0.5676,7.1875,-0.028
wf_0042,wf,0,2,-0.5422,8.6963,-0.1965
wf_0043,wf,0,6,-0.1684,1.9949,-0.0567
wf_0044,wf,0,8,-0.9343,0.18259999999999998,-0.9031
wf_0045,wf,0,3,-0.2583,2.3123000000000005,-0.0202
wf_0046,wf,0,2,-0.2556,2.5972,-0.0575
wf_0047,wf,0,4,-0.5793,3.061,-0.4552
wf_0048,wf,0,1,-1.1268,4.625,-0.3706
wf_0049,wf,0,2,-0.7942,2.6607,-0.3086
wf_0051,wf,0,2,-0.2371,6.485,-0.0126
wf_0052,wf,0,2,-0.8998,1.9645000000000001,-0.3976
wf_0053,wf,0,1,-0.5059,1.4663,-0.0454
wf_0054,wf,0,1,-1.8215,1.125,-0.484
wf_0055,wf,0,1,-0.6328,6.6875,-0.1326
wf_0056,wf,0,3,-0.5976,1.9856000000000003,-0.1576
wf_0057,wf,0,2,-0.8106,1.6069,-0.2338
wf_0059,wf,0,4,-0.1655,0.7443000000000001,-0.0339
wf_0061,wf,1,2,-0.7903,3.5313,-0.5784
wf_0062,wf,0,2,-0.8247,0.8914,-0.2854
wf_0064,wf,0,3,-0.4587,2.0119000000000002,-0.088
wf_0065,wf,0,1,-0.6938,3.9417000000000004,-0.0181
wf_0066,wf,0,3,-0.2113,0.7528999999999999,-0.0226
wf_0067,wf,0,9,-0.9331,1.7551,-0.8283
wf_0068,wf,0,5,-0.1776,1.575,-0.044
wf_0069,wf,0,4,-0.9246,0.7085,-0.3666
wf_0070,wf,0,3,-0.2683,1.7362000000000002,-0.0784
wf_0071,wf,0,6,-0.2541,1.4946,-0.0316
wf_0072,wf,0,5,-0.1492,1.7156,-0.0859
wf_0073,wf,0,5,-0.8352,0.8111,-0.6112
wf_0074,wf,0,3,-0.409,1.7979999999999998,-0.0286
wf_0076,wf,0,4,-0.1359,2.7996000000000003,-0.015
wf_0077,wf,0,1,-0.4211,7.3125,-0.0307
wf_0079,wf,0,5,-0.1081,1.2711999999999999,-0.0271
wf_0080,wf,0,4,-0.2876,2.359,-0.0308
wf_0081,wf,0,1,-0.9473,4.375,-0.1396
wf_0083,wf,0,2,-0.7324,1.4120999999999997,-0.3886
wf_0084,wf,0,2,-0.7149,2.1651,-0.0623
wf_0085,wf,0,5,-0.1222,2.2462,-0.0118
wf_0086,wf,0,8,-0.3066,1.4915,-0.1435
wf_0087,wf,0,3,-0.8267,1.2998,-0.6151
wf_0088,wf,0,5,-0.1777,2.0332,-0.0299
wf_0089,wf,0,2,-0.6396,0.1816000000000001,-0.3365
wf_0092,wf,0,5,-0.2079,1.7,-0.0266
wf_0093,wf,0,4,-0.6529,1.8425,-0.5075
wf_0094,wf,0,4,-1.0109,0.2623000000000002,-0.5953
wf_0095,wf,0,2,-0.4106,3.8684999999999996,-0.079
wf_0096,wf,0,3,-1.2101,1.8672000000000002,-0.7332
wf_0097,wf,0,2,-1.055,0.5800000000000001,-0.2978
wf_0098,wf,0,5,-0.1613,1.3373,-0.0324
wf_0100,wf,0,5,-0.4168,7.8887,-0.3382
wf_0101,wf,0,3,-0.6879,2.8918,-0.0391
wf_0102,wf,0,7,-0.2524,1.9863000000000002,-0.1232
wf_0103,wf,0,2,-0.2922,2.3103,-0.0346
wf_0105,wf,0,3,-0.3946,0.8932,-0.0644
wf_0106,wf,0,3,-0.4986,1.3654000000000002,-0.2256
wf_0107,wf,0,1,-1.1783,5.4375,-0.161
wf_0108,wf,0,3,-0.5564,2.819,-0.0746
wf_0109,wf,0,2,-0.7117,5.482799999999999,-0.3072
wf_0110,wf,0,3,-0.6236,0.5681999999999999,-0.2816
wf_0115,wf,0,2,-0.6119,0.6103,-0.0733
bio_0000,bio,0,5,-0.2315,2.7039,-0.0595
bio_0001,bio,0,3,-0.1961,4.444299999999999,-0.0249
bio_0003,bio,0,3,-0.1363,4.4711,-0.0465
bio_0004,bio,0,3,-0.0907,4.4666,-0.0133
bio_0005,bio,0,6,-0.255,2.9385,-0.1209
bio_0006,bio,0,3,-0.7135,3.4936,-0.4442
bio_0010,bio,0,3,-0.4213,2.0312,-0.1836
bio_0011,bio,0,4,-0.176,6.237299999999999,-0.0415
bio_0013,bio,0,3,-0.4248,2.1829,-0.1051
bio_0014,bio,0,5,-0.2206,6.583699999999999,-0.0455
bio_0015,bio,0,5,-0.1788,2.5107,-0.1244
bio_0016,bio,0,4,-0.0775,4.5366,-0.0069
bio_0017,bio,0,3,-0.707,2.0204,-0.2708
bio_0018,bio,0,4,-0.2835,1.6655000000000002,-0.0578
bio_0019,bio,0,5,-0.2339,4.3197,-0.0769
bio_0020,bio,0,6,-0.2642,4.5471,-0.1615
bio_0022,bio,0,10,-0.2564,1.0441,-0.1309
bio_0023,bio,0,6,-0.1842,2.6566,-0.1513
bio_0025,bio,0,2,-0.66,3.7306,-0.1143
bio_0026,bio,0,4,-0.636,3.3367,-0.1826
bio_0027,bio,0,5,-0.1496,5.1895999999999995,-0.0301
bio_0028,bio,0,4,-0.3909,3.2716000000000003,-0.1207
bio_0030,bio,0,2,-0.2723,5.175700000000001,-0.0292
bio_0036,bio,0,3,-0.162,2.1211,-0.02
bio_0037,bio,0,5,-0.1586,3.9531,-0.0238
bio_0044,bio,0,3,-0.2092,3.5317,-0.0135
bio_0045,bio,0,3,-0.1222,2.9352,-0.0062
bio_0047,bio,0,4,-0.1974,2.9803,-0.028
bio_0048,bio,0,6,-0.1707,2.7034,-0.039
bio_0050,bio,0,4,-0.18,1.2948000000000002,-0.0493
bio_0051,bio,0,5,-0.1343,1.5155999999999998,-0.0146
bio_0052,bio,0,3,-0.1381,2.1637999999999997,-0.0108
bio_0055,bio,0,5,-0.2758,5.0886,-0.1139
bio_0056,bio,0,2,-0.3742,3.5056,-0.0862
bio_0057,bio,0,2,-0.3081,4.515000000000001,-0.0456
bio_0059,bio,0,3,-0.3441,2.7142999999999997,-0.0517
bio_0061,bio,0,7,-0.2081,5.4672,-0.0962
bio_0062,bio,0,4,-0.5754,3.0544,-0.2288
bio_0063,bio,0,4,-0.2326,4.5403,-0.0398
bio_0065,bio,0,3,-0.4143,1.6525000000000003,-0.0922
bio_0066,bio,0,3,-0.5283,4.776,-0.114
bio_0067,bio,0,3,-0.6881,3.4633,-0.2078
bio_0068,bio,0,5,-0.1932,5.2719,-0.0338
bio_0069,bio,0,2,-0.5107,3.5517000000000003,-0.0574
bio_0070,bio,0,4,-0.2307,5.3521,-0.0796
bio_0072,bio,0,4,-0.2904,2.1333,-0.0861
bio_0073,bio,0,7,-0.2148,2.9943,-0.0273
bio_0074,bio,0,6,-0.1927,5.5663,-0.0415
bio_0075,bio,0,3,-0.7068,3.9033,-0.3747
bio_0076,bio,0,6,-0.1935,3.8637999999999995,-0.0503
bio_0077,bio,0,5,-0.3869,5.6381000000000006,-0.1997
bio_0079,bio,0,5,-1.029,3.9613000000000005,-0.8906
bio_0080,bio,0,3,-0.6794,4.7726999999999995,-0.293
bio_0083,bio,0,3,-0.2392,3.5576000000000003,-0.0237
bio_0085,bio,0,3,-0.2244,5.0732,-0.0675
bio_0086,bio,0,3,-0.6077,1.6663000000000001,-0.2429
bio_0087,bio,0,5,-0.4353,3.7399000000000004,-0.1509
bio_0088,bio,0,1,-2.3618,1.6568999999999998,-2.2923
bio_0089,bio,0,6,-0.5214,4.1308,-0.1572
bio_0090,bio,1,4,-0.4412,6.4384999999999994,-0.1784
bio_0091,bio,0,5,-0.1806,2.0787,-0.0285
bio_0092,bio,0,4,-0.3606,4.05,-0.1144
bio_0094,bio,0,3,-0.147,3.3151,-0.0105
bio_0095,bio,0,7,-0.3112,2.6036,-0.0755
bio_0096,bio,0,4,-0.1294,5.131799999999999,-0.0203
bio_0097,bio,0,4,-0.2823,1.6166,-0.1247
bio_0099,bio,0,2,-0.2128,5.158200000000001,-0.0525
bio_0100,bio,0,6,-0.3309,4.619400000000001,-0.1376
bio_0101,bio,0,3,-0.7265,3.7375000000000003,-0.2731
bio_0102,bio,0,4,-0.3448,4.5596,-0.0769
bio_0104,bio,0,3,-0.4791,3.7619,-0.1746
bio_0105,bio,0,3,-0.6186,2.9564000000000004,-0.209
bio_0106,bio,0,5,-0.1544,2.3758,-0.0171
bio_0107,bio,0,4,-0.4395,2.4962999999999997,-0.1683
bio_0108,bio,0,4,-0.6592,2.8125999999999998,-0.1549
bio_0110,bio,0,3,-1.0352,6.920800000000001,-0.5701
